window,store_name,pilot,segment,units
pre,7 Rasta Byculla,0,Ethical,2105
pre,7 Rasta Byculla,0,GA,4467
pre,7 Rasta Byculla,0,NGA,936
pre,7 Rasta Byculla,0,Other,2741
pre,ABM Pharmacy & Healthcare,0,Ethical,2966
pre,ABM Pharmacy & Healthcare,0,GA,1927
pre,ABM Pharmacy & Healthcare,0,NGA,743
pre,ABM Pharmacy & Healthcare,0,Other,1048
pre,Airoli,0,Ethical,4326
pre,Airoli,0,GA,8743
pre,Airoli,0,NGA,2355
pre,Airoli,0,Other,2952
pre,Airoli Sec 5,0,Ethical,1840
pre,Airoli Sec 5,0,GA,2285
pre,Airoli Sec 5,0,NGA,617
pre,Airoli Sec 5,0,Other,1838
pre,Airoli Sector - 3,0,Ethical,3038
pre,Airoli Sector - 3,0,GA,5314
pre,Airoli Sector - 3,0,NGA,1392
pre,Airoli Sector - 3,0,Other,2837
pre,Ambegaon Pune,0,Ethical,1637
pre,Ambegaon Pune,0,GA,1949
pre,Ambegaon Pune,0,NGA,351
pre,Ambegaon Pune,0,Other,1201
pre,Ambernath East,0,Ethical,2754
pre,Ambernath East,0,GA,3094
pre,Ambernath East,0,NGA,654
pre,Ambernath East,0,Other,1123
pre,Ambernath West,0,Ethical,3246
pre,Ambernath West,0,GA,3793
pre,Ambernath West,0,NGA,621
pre,Ambernath West,0,Other,1159
pre,Ashokvan Dahisar,0,Ethical,2654
pre,Ashokvan Dahisar,0,GA,5077
pre,Ashokvan Dahisar,0,NGA,1102
pre,Ashokvan Dahisar,0,Other,2330
pre,Aura Medical Titwala East,0,Ethical,2745
pre,Aura Medical Titwala East,0,GA,133
pre,Aura Medical Titwala East,0,NGA,1093
pre,Aura Medical Titwala East,0,Other,507
pre,Badlapur - Belavali,0,Ethical,1108
pre,Badlapur - Belavali,0,GA,2490
pre,Badlapur - Belavali,0,NGA,660
pre,Badlapur - Belavali,0,Other,2487
pre,Badlapur East,0,Ethical,2144
pre,Badlapur East,0,GA,2963
pre,Badlapur East,0,NGA,561
pre,Badlapur East,0,Other,884
pre,Bandra,1,Ethical,3362
pre,Bandra,1,GA,7962
pre,Bandra,1,NGA,1875
pre,Bandra,1,Other,3055
pre,Bhandup West,0,Ethical,4296
pre,Bhandup West,0,GA,7709
pre,Bhandup West,0,NGA,1598
pre,Bhandup West,0,Other,2249
pre,Bhayandar,0,Ethical,3781
pre,Bhayandar,0,GA,5816
pre,Bhayandar,0,NGA,1534
pre,Bhayandar,0,Other,2356
pre,Bhayander 60 Feet Road,0,Ethical,2270
pre,Bhayander 60 Feet Road,0,GA,2937
pre,Bhayander 60 Feet Road,0,NGA,676
pre,Bhayander 60 Feet Road,0,Other,1454
pre,Bhekrainagar Pune,0,Ethical,1484
pre,Bhekrainagar Pune,0,GA,2262
pre,Bhekrainagar Pune,0,NGA,422
pre,Bhekrainagar Pune,0,Other,919
pre,Bhiwandi - Shivaji Chowk,0,Ethical,673
pre,Bhiwandi - Shivaji Chowk,0,GA,736
pre,Bhiwandi - Shivaji Chowk,0,NGA,265
pre,Bhiwandi - Shivaji Chowk,0,Other,1729
pre,Bhiwandi Dhamankar Naka,1,Ethical,3014
pre,Bhiwandi Dhamankar Naka,1,GA,5916
pre,Bhiwandi Dhamankar Naka,1,NGA,1357
pre,Bhiwandi Dhamankar Naka,1,Other,2253
pre,Bibwewadi Pune,0,Ethical,1863
pre,Bibwewadi Pune,0,GA,6155
pre,Bibwewadi Pune,0,NGA,582
pre,Bibwewadi Pune,0,Other,893
pre,Bytco Point Nashik,0,Ethical,2171
pre,Bytco Point Nashik,0,GA,2037
pre,Bytco Point Nashik,0,NGA,563
pre,Bytco Point Nashik,0,Other,1635
pre,CST Bora Bazaar,0,Ethical,1401
pre,CST Bora Bazaar,0,GA,3516
pre,CST Bora Bazaar,0,NGA,862
pre,CST Bora Bazaar,0,Other,1925
pre,Canada Corner Nashik,0,Ethical,525
pre,Canada Corner Nashik,0,GA,671
pre,Canada Corner Nashik,0,NGA,181
pre,Canada Corner Nashik,0,Other,438
pre,Care Point Chemist,0,Ethical,3349
pre,Care Point Chemist,0,GA,1746
pre,Care Point Chemist,0,NGA,370
pre,Care Point Chemist,0,Other,316
pre,Chandivali,0,Ethical,1631
pre,Chandivali,0,GA,3283
pre,Chandivali,0,NGA,866
pre,Chandivali,0,Other,1602
pre,Charkop,0,Ethical,3945
pre,Charkop,0,GA,7268
pre,Charkop,0,NGA,1859
pre,Charkop,0,Other,2118
pre,Chembur,0,Ethical,4357
pre,Chembur,0,GA,12042
pre,Chembur,0,NGA,2710
pre,Chembur,0,Other,3043
pre,Chinchwad,1,Ethical,2022
pre,Chinchwad,1,GA,2453
pre,Chinchwad,1,NGA,658
pre,Chinchwad,1,Other,2347
pre,Chinchwad - Gandhi Peth,1,Ethical,750
pre,Chinchwad - Gandhi Peth,1,GA,705
pre,Chinchwad - Gandhi Peth,1,NGA,187
pre,Chinchwad - Gandhi Peth,1,Other,887
pre,Cidco Nashik,0,Ethical,1267
pre,Cidco Nashik,0,GA,1504
pre,Cidco Nashik,0,NGA,255
pre,Cidco Nashik,0,Other,1306
pre,Colaba,1,Ethical,1408
pre,Colaba,1,GA,3239
pre,Colaba,1,NGA,602
pre,Colaba,1,Other,2094
pre,Dadar East,0,Ethical,2149
pre,Dadar East,0,GA,3770
pre,Dadar East,0,NGA,943
pre,Dadar East,0,Other,1998
pre,Dahisar,0,Ethical,2976
pre,Dahisar,0,GA,5820
pre,Dahisar,0,NGA,1252
pre,Dahisar,0,Other,1777
pre,Dattnagar,0,Ethical,1328
pre,Dattnagar,0,GA,3969
pre,Dattnagar,0,NGA,575
pre,Dattnagar,0,Other,972
pre,Dhanakwadi,0,Ethical,2559
pre,Dhanakwadi,0,GA,4228
pre,Dhanakwadi,0,NGA,887
pre,Dhanakwadi,0,Other,2003
pre,Dhanori Pune,0,Ethical,1976
pre,Dhanori Pune,0,GA,3002
pre,Dhanori Pune,0,NGA,645
pre,Dhanori Pune,0,Other,1084
pre,Dhayari Pune,0,Ethical,1756
pre,Dhayari Pune,0,GA,2829
pre,Dhayari Pune,0,NGA,505
pre,Dhayari Pune,0,Other,1189
pre,Dighi Pune,1,Ethical,1091
pre,Dighi Pune,1,GA,1658
pre,Dighi Pune,1,NGA,311
pre,Dighi Pune,1,Other,758
pre,Dombivali,0,Ethical,3147
pre,Dombivali,0,GA,5404
pre,Dombivali,0,NGA,1428
pre,Dombivali,0,Other,1540
pre,Dombivali - Navpada,0,Ethical,1571
pre,Dombivali - Navpada,0,GA,2269
pre,Dombivali - Navpada,0,NGA,604
pre,Dombivali - Navpada,0,Other,2015
pre,Dombivali - Reti Bunder,0,Ethical,1299
pre,Dombivali - Reti Bunder,0,GA,1916
pre,Dombivali - Reti Bunder,0,NGA,366
pre,Dombivali - Reti Bunder,0,Other,1672
pre,Dombivli West,0,Ethical,3719
pre,Dombivli West,0,GA,8455
pre,Dombivli West,0,NGA,2117
pre,Dombivli West,0,Other,2932
pre,Doshi Medical,0,Ethical,953
pre,Doshi Medical,0,GA,534
pre,Doshi Medical,0,NGA,101
pre,Doshi Medical,0,Other,28
pre,Evershine Nagar,0,Ethical,1596
pre,Evershine Nagar,0,GA,3512
pre,Evershine Nagar,0,NGA,1013
pre,Evershine Nagar,0,Other,1235
pre,Fam Society - Koperkhairne,0,Ethical,3932
pre,Fam Society - Koperkhairne,0,GA,5620
pre,Fam Society - Koperkhairne,0,NGA,1601
pre,Fam Society - Koperkhairne,0,Other,3468
pre,Fursungi Pune,0,Ethical,1591
pre,Fursungi Pune,0,GA,2137
pre,Fursungi Pune,0,NGA,537
pre,Fursungi Pune,0,Other,1940
pre,Ghansoli,0,Ethical,5314
pre,Ghansoli,0,GA,8609
pre,Ghansoli,0,NGA,2266
pre,Ghansoli,0,Other,3755
pre,Ghatkopar East,0,Ethical,3318
pre,Ghatkopar East,0,GA,5347
pre,Ghatkopar East,0,NGA,1335
pre,Ghatkopar East,0,Other,3993
pre,Ghatkopar West,0,Ethical,3125
pre,Ghatkopar West,0,GA,5665
pre,Ghatkopar West,0,NGA,1467
pre,Ghatkopar West,0,Other,2122
pre,Ghodapdeo - Byculla,0,Ethical,1222
pre,Ghodapdeo - Byculla,0,GA,3724
pre,Ghodapdeo - Byculla,0,NGA,975
pre,Ghodapdeo - Byculla,0,Other,1223
pre,Global City Virar West,0,Ethical,1795
pre,Global City Virar West,0,GA,2700
pre,Global City Virar West,0,NGA,570
pre,Global City Virar West,0,Other,2452
pre,Goregaon,1,Ethical,3097
pre,Goregaon,1,GA,7614
pre,Goregaon,1,NGA,2223
pre,Goregaon,1,Other,1896
pre,Goregaon West S.V. Road,1,Ethical,3478
pre,Goregaon West S.V. Road,1,GA,5059
pre,Goregaon West S.V. Road,1,NGA,1323
pre,Goregaon West S.V. Road,1,Other,2419
pre,Govandi,0,Ethical,3901
pre,Govandi,0,GA,9111
pre,Govandi,0,NGA,2149
pre,Govandi,0,Other,3295
pre,Gujrat Colony Kothrud,0,Ethical,1273
pre,Gujrat Colony Kothrud,0,GA,1665
pre,Gujrat Colony Kothrud,0,NGA,353
pre,Gujrat Colony Kothrud,0,Other,678
pre,Gulab Nagar Pune,0,Ethical,1771
pre,Gulab Nagar Pune,0,GA,2959
pre,Gulab Nagar Pune,0,NGA,552
pre,Gulab Nagar Pune,0,Other,1411
pre,Hari Om Nagar,0,Ethical,3005
pre,Hari Om Nagar,0,GA,4804
pre,Hari Om Nagar,0,NGA,1203
pre,Hari Om Nagar,0,Other,3194
pre,Health Care Chemist & Druggist,0,Ethical,5244
pre,Health Care Chemist & Druggist,0,GA,1046
pre,Health Care Chemist & Druggist,0,NGA,1224
pre,Health Care Chemist & Druggist,0,Other,1129
pre,Health Care Forever,0,Ethical,309
pre,Health Care Forever,0,GA,515
pre,Health Care Forever,0,NGA,193
pre,Health Care Forever,0,Other,72
pre,Hiltron Ulhasnagar,0,Ethical,1660
pre,Hiltron Ulhasnagar,0,GA,2787
pre,Hiltron Ulhasnagar,0,NGA,715
pre,Hiltron Ulhasnagar,0,Other,2325
pre,Hiranandani Thane,0,Ethical,5837
pre,Hiranandani Thane,0,GA,8859
pre,Hiranandani Thane,0,NGA,1584
pre,Hiranandani Thane,0,Other,3209
pre,IC Colony Borivali,0,Ethical,4681
pre,IC Colony Borivali,0,GA,8615
pre,IC Colony Borivali,0,NGA,2356
pre,IC Colony Borivali,0,Other,3196
pre,JB Nagar,0,Ethical,5955
pre,JB Nagar,0,GA,10085
pre,JB Nagar,0,NGA,2556
pre,JB Nagar,0,Other,4730
pre,JJ Hospital,0,Ethical,2322
pre,JJ Hospital,0,GA,10308
pre,JJ Hospital,0,NGA,2533
pre,JJ Hospital,0,Other,2307
pre,Jagruti Nagar Ghatkopar,0,Ethical,1646
pre,Jagruti Nagar Ghatkopar,0,GA,2861
pre,Jagruti Nagar Ghatkopar,0,NGA,802
pre,Jagruti Nagar Ghatkopar,0,Other,1624
pre,Jail Road Nashik,0,Ethical,1602
pre,Jail Road Nashik,0,GA,1568
pre,Jail Road Nashik,0,NGA,377
pre,Jail Road Nashik,0,Other,1096
pre,Jay VIjay Nagar Nalasopara East,0,Ethical,1633
pre,Jay VIjay Nagar Nalasopara East,0,GA,2531
pre,Jay VIjay Nagar Nalasopara East,0,NGA,447
pre,Jay VIjay Nagar Nalasopara East,0,Other,1149
pre,Kalamboli,0,Ethical,2235
pre,Kalamboli,0,GA,3767
pre,Kalamboli,0,NGA,947
pre,Kalamboli,0,Other,1705
pre,Kalher Bhiwandi,0,Ethical,3082
pre,Kalher Bhiwandi,0,GA,5077
pre,Kalher Bhiwandi,0,NGA,1315
pre,Kalher Bhiwandi,0,Other,4097
pre,Kalina,0,Ethical,2583
pre,Kalina,0,GA,4030
pre,Kalina,0,NGA,1075
pre,Kalina,0,Other,1762
pre,Kalwa,0,Ethical,5720
pre,Kalwa,0,GA,11371
pre,Kalwa,0,NGA,2775
pre,Kalwa,0,Other,3748
pre,Kalyan,0,Ethical,2683
pre,Kalyan,0,GA,4406
pre,Kalyan,0,NGA,1104
pre,Kalyan,0,Other,1943
pre,Kalyan - DB Chowk,0,Ethical,1599
pre,Kalyan - DB Chowk,0,GA,2297
pre,Kalyan - DB Chowk,0,NGA,510
pre,Kalyan - DB Chowk,0,Other,1823
pre,Kalyan East-Tisgaon Naka,0,Ethical,2861
pre,Kalyan East-Tisgaon Naka,0,GA,4516
pre,Kalyan East-Tisgaon Naka,0,NGA,952
pre,Kalyan East-Tisgaon Naka,0,Other,1628
pre,Kalyan West Club Road,0,Ethical,1522
pre,Kalyan West Club Road,0,GA,3739
pre,Kalyan West Club Road,0,NGA,888
pre,Kalyan West Club Road,0,Other,1691
pre,Kamotha,0,Ethical,5550
pre,Kamotha,0,GA,7948
pre,Kamotha,0,NGA,2039
pre,Kamotha,0,Other,3500
pre,Kamothe - Sector 36,0,Ethical,2251
pre,Kamothe - Sector 36,0,GA,2995
pre,Kamothe - Sector 36,0,NGA,861
pre,Kamothe - Sector 36,0,Other,1693
pre,Kandivali East,0,Ethical,2610
pre,Kandivali East,0,GA,5365
pre,Kandivali East,0,NGA,1249
pre,Kandivali East,0,Other,1866
pre,Kandivali West,0,Ethical,551
pre,Kandivali West,0,GA,3110
pre,Kandivali West,0,NGA,688
pre,Kandivali West,0,Other,760
pre,Kasarvadavali Thane,0,Ethical,2163
pre,Kasarvadavali Thane,0,GA,3837
pre,Kasarvadavali Thane,0,NGA,1026
pre,Kasarvadavali Thane,0,Other,1919
pre,Katrap Badlapur East,0,Ethical,1045
pre,Katrap Badlapur East,0,GA,1930
pre,Katrap Badlapur East,0,NGA,223
pre,Katrap Badlapur East,0,Other,1286
pre,Khadki Pune,0,Ethical,2096
pre,Khadki Pune,0,GA,2836
pre,Khadki Pune,0,NGA,765
pre,Khadki Pune,0,Other,2142
pre,Khanda Colony,1,Ethical,2676
pre,Khanda Colony,1,GA,3938
pre,Khanda Colony,1,NGA,1095
pre,Khanda Colony,1,Other,1729
pre,Khar West,1,Ethical,2753
pre,Khar West,1,GA,4925
pre,Khar West,1,NGA,1467
pre,Khar West,1,Other,1974
pre,Kharghar,0,Ethical,3400
pre,Kharghar,0,GA,9232
pre,Kharghar,0,NGA,2389
pre,Kharghar,0,Other,2974
pre,Kharghar Sector 12,0,Ethical,2122
pre,Kharghar Sector 12,0,GA,4657
pre,Kharghar Sector 12,0,NGA,1289
pre,Kharghar Sector 12,0,Other,1584
pre,Khopat,0,Ethical,4743
pre,Khopat,0,GA,9407
pre,Khopat,0,NGA,2074
pre,Khopat,0,Other,2438
pre,Khutwad Nagar Nashik,0,Ethical,677
pre,Khutwad Nagar Nashik,0,GA,697
pre,Khutwad Nagar Nashik,0,NGA,142
pre,Khutwad Nagar Nashik,0,Other,737
pre,Kolsheth,0,Ethical,5856
pre,Kolsheth,0,GA,14123
pre,Kolsheth,0,NGA,2927
pre,Kolsheth,0,Other,2972
pre,Kopar Khairane,0,Ethical,3982
pre,Kopar Khairane,0,GA,8109
pre,Kopar Khairane,0,NGA,1952
pre,Kopar Khairane,0,Other,4359
pre,Kopari Thane,0,Ethical,3002
pre,Kopari Thane,0,GA,2157
pre,Kopari Thane,0,NGA,702
pre,Kopari Thane,0,Other,2207
pre,Koper Khairane - Sector 2,0,Ethical,1322
pre,Koper Khairane - Sector 2,0,GA,2568
pre,Koper Khairane - Sector 2,0,NGA,608
pre,Koper Khairane - Sector 2,0,Other,1570
pre,Koper Khairane - Sector 7,0,Ethical,1659
pre,Koper Khairane - Sector 7,0,GA,3504
pre,Koper Khairane - Sector 7,0,NGA,951
pre,Koper Khairane - Sector 7,0,Other,2388
pre,Kuber Chemist,0,GA,13
pre,Kuber Chemist,0,NGA,2
pre,Kulgaon Badlapur West,0,Ethical,2197
pre,Kulgaon Badlapur West,0,GA,4567
pre,Kulgaon Badlapur West,0,NGA,948
pre,Kulgaon Badlapur West,0,Other,2998
pre,Kurla,0,Ethical,1532
pre,Kurla,0,GA,5136
pre,Kurla,0,NGA,971
pre,Kurla,0,Other,1141
pre,Kurla West,0,Ethical,3253
pre,Kurla West,0,GA,6883
pre,Kurla West,0,NGA,1583
pre,Kurla West,0,Other,3186
pre,Lower Parel - SJ Marg,0,Ethical,1128
pre,Lower Parel - SJ Marg,0,GA,2683
pre,Lower Parel - SJ Marg,0,NGA,530
pre,Lower Parel - SJ Marg,0,Other,2151
pre,Mahakali,0,Ethical,5662
pre,Mahakali,0,GA,7933
pre,Mahakali,0,NGA,2650
pre,Mahakali,0,Other,3911
pre,Mahavir Pride Dombivali,0,Ethical,2931
pre,Mahavir Pride Dombivali,0,GA,5283
pre,Mahavir Pride Dombivali,0,NGA,1170
pre,Mahavir Pride Dombivali,0,Other,2279
pre,Mahim West,0,Ethical,2503
pre,Mahim West,0,GA,4575
pre,Mahim West,0,NGA,1312
pre,Mahim West,0,Other,2465
pre,Malad,0,Ethical,3640
pre,Malad,0,GA,7395
pre,Malad,0,NGA,2568
pre,Malad,0,Other,2015
pre,Malad Liberty Garden,0,Ethical,2374
pre,Malad Liberty Garden,0,GA,5382
pre,Malad Liberty Garden,0,NGA,992
pre,Malad Liberty Garden,0,Other,1673
pre,Malwani,0,Ethical,2566
pre,Malwani,0,GA,4180
pre,Malwani,0,NGA,1100
pre,Malwani,0,Other,1432
pre,Marol,0,Ethical,3895
pre,Marol,0,GA,8691
pre,Marol,0,NGA,2445
pre,Marol,0,Other,3012
pre,Mharal Ulhasnagar,0,Ethical,2468
pre,Mharal Ulhasnagar,0,GA,3264
pre,Mharal Ulhasnagar,0,NGA,1202
pre,Mharal Ulhasnagar,0,Other,2748
pre,Mhasrul Nashik,0,Ethical,1594
pre,Mhasrul Nashik,0,GA,2069
pre,Mhasrul Nashik,0,NGA,507
pre,Mhasrul Nashik,0,Other,1737
pre,Mira Road,0,Ethical,2440
pre,Mira Road,0,GA,3865
pre,Mira Road,0,NGA,783
pre,Mira Road,0,Other,1519
pre,Mira Road - GCC Club Road,0,Ethical,1254
pre,Mira Road - GCC Club Road,0,GA,1318
pre,Mira Road - GCC Club Road,0,NGA,259
pre,Mira Road - GCC Club Road,0,Other,1219
pre,Mira Road Jangid Complex,0,Ethical,2171
pre,Mira Road Jangid Complex,0,GA,4566
pre,Mira Road Jangid Complex,0,NGA,1000
pre,Mira Road Jangid Complex,0,Other,2292
pre,Mohan Nagar Kandivali,0,Ethical,1058
pre,Mohan Nagar Kandivali,0,GA,3372
pre,Mohan Nagar Kandivali,0,NGA,654
pre,Mohan Nagar Kandivali,0,Other,1374
pre,Morye Pharma,0,Ethical,1631
pre,Morye Pharma,0,GA,983
pre,Morye Pharma,0,NGA,682
pre,Morye Pharma,0,Other,1190
pre,Mulund East,0,Ethical,5997
pre,Mulund East,0,GA,13942
pre,Mulund East,0,NGA,2834
pre,Mulund East,0,Other,3782
pre,Mulund Panch Rasta,0,Ethical,1805
pre,Mulund Panch Rasta,0,GA,4055
pre,Mulund Panch Rasta,0,NGA,966
pre,Mulund Panch Rasta,0,Other,1262
pre,Mulund West,0,Ethical,2555
pre,Mulund West,0,GA,9926
pre,Mulund West,0,NGA,1746
pre,Mulund West,0,Other,2221
pre,Mulund West-Sarvodaya Nagar,0,Ethical,3830
pre,Mulund West-Sarvodaya Nagar,0,GA,7385
pre,Mulund West-Sarvodaya Nagar,0,NGA,1684
pre,Mulund West-Sarvodaya Nagar,0,Other,2254
pre,Mundhwa Pune,0,Ethical,1263
pre,Mundhwa Pune,0,GA,1941
pre,Mundhwa Pune,0,NGA,440
pre,Mundhwa Pune,0,Other,1020
pre,NIBM Kondwa,0,Ethical,2982
pre,NIBM Kondwa,0,GA,6527
pre,NIBM Kondwa,0,NGA,1390
pre,NIBM Kondwa,0,Other,2145
pre,Nahur West,0,Ethical,3289
pre,Nahur West,0,GA,5000
pre,Nahur West,0,NGA,1095
pre,Nahur West,0,Other,2163
pre,Nalasopara - Yashwant Nagar,0,Ethical,1352
pre,Nalasopara - Yashwant Nagar,0,GA,2040
pre,Nalasopara - Yashwant Nagar,0,NGA,495
pre,Nalasopara - Yashwant Nagar,0,Other,1571
pre,Nalasopara West,0,Ethical,2321
pre,Nalasopara West,0,GA,3547
pre,Nalasopara West,0,NGA,773
pre,Nalasopara West,0,Other,995
pre,Narhe Pune,0,Ethical,1327
pre,Narhe Pune,0,GA,2170
pre,Narhe Pune,0,NGA,438
pre,Narhe Pune,0,Other,995
pre,Naupada,0,Ethical,4397
pre,Naupada,0,GA,7492
pre,Naupada,0,NGA,2088
pre,Naupada,0,Other,2432
pre,Navare Nagar Ambernath,0,Ethical,1964
pre,Navare Nagar Ambernath,0,GA,2692
pre,Navare Nagar Ambernath,0,NGA,578
pre,Navare Nagar Ambernath,0,Other,1426
pre,Navi Peth Pune,0,Ethical,2126
pre,Navi Peth Pune,0,GA,3908
pre,Navi Peth Pune,0,NGA,720
pre,Navi Peth Pune,0,Other,2103
pre,Navjeevan Mumbai Central,0,Ethical,2598
pre,Navjeevan Mumbai Central,0,GA,5767
pre,Navjeevan Mumbai Central,0,NGA,1526
pre,Navjeevan Mumbai Central,0,Other,3313
pre,Nerul East,0,Ethical,2625
pre,Nerul East,0,GA,5953
pre,Nerul East,0,NGA,1328
pre,Nerul East,0,Other,2432
pre,Nerul West,0,Ethical,2455
pre,Nerul West,0,GA,5444
pre,Nerul West,0,NGA,1366
pre,Nerul West,0,Other,2040
pre,New Panvel,0,Ethical,3535
pre,New Panvel,0,GA,5747
pre,New Panvel,0,NGA,1572
pre,New Panvel,0,Other,2122
pre,Old Panvel,0,Ethical,3567
pre,Old Panvel,0,GA,4867
pre,Old Panvel,0,NGA,1064
pre,Old Panvel,0,Other,1875
pre,Palegaon Ambernath,0,Ethical,899
pre,Palegaon Ambernath,0,GA,1751
pre,Palegaon Ambernath,0,NGA,355
pre,Palegaon Ambernath,0,Other,2364
pre,Panchpakhadi,0,Ethical,2989
pre,Panchpakhadi,0,GA,4255
pre,Panchpakhadi,0,NGA,1093
pre,Panchpakhadi,0,Other,2495
pre,Pantnagar,0,Ethical,1814
pre,Pantnagar,0,GA,3420
pre,Pantnagar,0,NGA,1079
pre,Pantnagar,0,Other,1587
pre,Panvel - Uran Naka,0,Ethical,1642
pre,Panvel - Uran Naka,0,GA,2976
pre,Panvel - Uran Naka,0,NGA,632
pre,Panvel - Uran Naka,0,Other,1908
pre,Phadke Road - Dombivali,0,Ethical,2348
pre,Phadke Road - Dombivali,0,GA,4716
pre,Phadke Road - Dombivali,0,NGA,990
pre,Phadke Road - Dombivali,0,Other,1645
pre,Pimple Gurav,0,Ethical,1424
pre,Pimple Gurav,0,GA,2653
pre,Pimple Gurav,0,NGA,577
pre,Pimple Gurav,0,Other,1199
pre,Prabhadevi,0,Ethical,2216
pre,Prabhadevi,0,GA,7905
pre,Prabhadevi,0,NGA,987
pre,Prabhadevi,0,Other,2472
pre,Pragati Nagar Nalasopara East,0,Ethical,1423
pre,Pragati Nagar Nalasopara East,0,GA,2040
pre,Pragati Nagar Nalasopara East,0,NGA,464
pre,Pragati Nagar Nalasopara East,0,Other,1659
pre,Quality Care,0,Ethical,1266
pre,Quality Care,0,GA,2282
pre,Quality Care,0,NGA,827
pre,Quality Care,0,Other,487
pre,Rajawadi,0,Ethical,1968
pre,Rajawadi,0,GA,7024
pre,Rajawadi,0,NGA,1774
pre,Rajawadi,0,Other,2280
pre,Roadpali Kalamboli,0,Ethical,1509
pre,Roadpali Kalamboli,0,GA,2852
pre,Roadpali Kalamboli,0,NGA,753
pre,Roadpali Kalamboli,0,Other,1872
pre,Rupee Nagar Pune,0,Ethical,873
pre,Rupee Nagar Pune,0,GA,1405
pre,Rupee Nagar Pune,0,NGA,346
pre,Rupee Nagar Pune,0,Other,1542
pre,Saibaba Nagar,0,Ethical,1860
pre,Saibaba Nagar,0,GA,4476
pre,Saibaba Nagar,0,NGA,1188
pre,Saibaba Nagar,0,Other,1083
pre,Sakinaka - Pipeline Road,0,Ethical,1416
pre,Sakinaka - Pipeline Road,0,GA,1963
pre,Sakinaka - Pipeline Road,0,NGA,496
pre,Sakinaka - Pipeline Road,0,Other,1872
pre,Sanpada,1,Ethical,4771
pre,Sanpada,1,GA,8733
pre,Sanpada,1,NGA,1910
pre,Sanpada,1,Other,2985
pre,Santa Cruz SV Road,0,Ethical,2551
pre,Santa Cruz SV Road,0,GA,4269
pre,Santa Cruz SV Road,0,NGA,972
pre,Santa Cruz SV Road,0,Other,2348
pre,"Santoshi Mata Road, Kalyan West",0,Ethical,2894
pre,"Santoshi Mata Road, Kalyan West",0,GA,3695
pre,"Santoshi Mata Road, Kalyan West",0,NGA,963
pre,"Santoshi Mata Road, Kalyan West",0,Other,1486
pre,Sasane Nagar Pune,1,Ethical,1742
pre,Sasane Nagar Pune,1,GA,2371
pre,Sasane Nagar Pune,1,NGA,520
pre,Sasane Nagar Pune,1,Other,870
pre,Seawoods,0,Ethical,3308
pre,Seawoods,0,GA,7408
pre,Seawoods,0,NGA,1574
pre,Seawoods,0,Other,2523
pre,Sector 3 - New Panvel,0,Ethical,2867
pre,Sector 3 - New Panvel,0,GA,3417
pre,Sector 3 - New Panvel,0,NGA,830
pre,Sector 3 - New Panvel,0,Other,2093
pre,Shambhuraj Enterprises LLP,0,Ethical,1688
pre,Shambhuraj Enterprises LLP,0,GA,1716
pre,Shambhuraj Enterprises LLP,0,NGA,835
pre,Shambhuraj Enterprises LLP,0,Other,509
pre,Shanti Nagar Mira Road,0,Ethical,797
pre,Shanti Nagar Mira Road,0,GA,2291
pre,Shanti Nagar Mira Road,0,NGA,395
pre,Shanti Nagar Mira Road,0,Other,1866
pre,Shirgaon Badlapur,0,Ethical,1520
pre,Shirgaon Badlapur,0,GA,2595
pre,Shirgaon Badlapur,0,NGA,487
pre,Shirgaon Badlapur,0,Other,2515
pre,Shivaji Nagar Pune,0,Ethical,2724
pre,Shivaji Nagar Pune,0,GA,4629
pre,Shivaji Nagar Pune,0,NGA,851
pre,Shivaji Nagar Pune,0,Other,1781
pre,Shreenagar,0,Ethical,5587
pre,Shreenagar,0,GA,10084
pre,Shreenagar,0,NGA,1952
pre,Shreenagar,0,Other,4200
pre,Shriprastha Nalasopara West,0,Ethical,1437
pre,Shriprastha Nalasopara West,0,GA,1857
pre,Shriprastha Nalasopara West,0,NGA,529
pre,Shriprastha Nalasopara West,0,Other,1263
pre,Sion Koliwada,0,Ethical,2775
pre,Sion Koliwada,0,GA,5561
pre,Sion Koliwada,0,NGA,1192
pre,Sion Koliwada,0,Other,2580
pre,Thakur Complex,0,Ethical,3698
pre,Thakur Complex,0,GA,7059
pre,Thakur Complex,0,NGA,1877
pre,Thakur Complex,0,Other,2034
pre,Thergaon,0,Ethical,1231
pre,Thergaon,0,GA,2690
pre,Thergaon,0,NGA,558
pre,Thergaon,0,Other,1344
pre,Tilak Road Pune,0,Ethical,2419
pre,Tilak Road Pune,0,GA,4146
pre,Tilak Road Pune,0,NGA,651
pre,Tilak Road Pune,0,Other,1632
pre,Tilaknagar,0,Ethical,2583
pre,Tilaknagar,0,GA,6415
pre,Tilaknagar,0,NGA,1355
pre,Tilaknagar,0,Other,2783
pre,Titwala,0,Ethical,4484
pre,Titwala,0,GA,4473
pre,Titwala,0,NGA,1445
pre,Titwala,0,Other,3207
pre,Trimurti Chowk Nashik,0,Ethical,836
pre,Trimurti Chowk Nashik,0,GA,912
pre,Trimurti Chowk Nashik,0,NGA,218
pre,Trimurti Chowk Nashik,0,Other,839
pre,Ulhas Nagar - Shahad,0,Ethical,1474
pre,Ulhas Nagar - Shahad,0,GA,2342
pre,Ulhas Nagar - Shahad,0,NGA,786
pre,Ulhas Nagar - Shahad,0,Other,2271
pre,Ulhas Nagar - Shreeram Chowk,0,Ethical,725
pre,Ulhas Nagar - Shreeram Chowk,0,GA,2186
pre,Ulhas Nagar - Shreeram Chowk,0,NGA,366
pre,Ulhas Nagar - Shreeram Chowk,0,Other,2588
pre,Ulhasnagar,0,Ethical,2901
pre,Ulhasnagar,0,GA,6091
pre,Ulhasnagar,0,NGA,1865
pre,Ulhasnagar,0,Other,2659
pre,Ulhasnagar - Humlog Circle,0,Ethical,2306
pre,Ulhasnagar - Humlog Circle,0,GA,2440
pre,Ulhasnagar - Humlog Circle,0,NGA,910
pre,Ulhasnagar - Humlog Circle,0,Other,2840
pre,Ulhasnagar - Khemani Chowk,0,Ethical,966
pre,Ulhasnagar - Khemani Chowk,0,GA,2326
pre,Ulhasnagar - Khemani Chowk,0,NGA,634
pre,Ulhasnagar - Khemani Chowk,0,Other,1881
pre,Ulhasnagar Sector 4,0,Ethical,3044
pre,Ulhasnagar Sector 4,0,GA,4050
pre,Ulhasnagar Sector 4,0,NGA,967
pre,Ulhasnagar Sector 4,0,Other,1605
pre,Ulwe-Navi Mumbai,0,Ethical,2437
pre,Ulwe-Navi Mumbai,0,GA,5855
pre,Ulwe-Navi Mumbai,0,NGA,1426
pre,Ulwe-Navi Mumbai,0,Other,1794
pre,Vakola,0,Ethical,3009
pre,Vakola,0,GA,4402
pre,Vakola,0,NGA,1106
pre,Vakola,0,Other,1974
pre,Vasai West - Station Road,0,Ethical,2665
pre,Vasai West - Station Road,0,GA,3831
pre,Vasai West - Station Road,0,NGA,937
pre,Vasai West - Station Road,0,Other,2935
pre,Vashi,0,Ethical,5131
pre,Vashi,0,GA,10063
pre,Vashi,0,NGA,2565
pre,Vashi,0,Other,4667
pre,Vashi Sector 11,0,Ethical,2800
pre,Vashi Sector 11,0,GA,5173
pre,Vashi Sector 11,0,NGA,1395
pre,Vashi Sector 11,0,Other,1749
pre,Veenanagar,0,Ethical,2133
pre,Veenanagar,0,GA,5454
pre,Veenanagar,0,NGA,1676
pre,Veenanagar,0,Other,1999
pre,Versova - Yari Road,0,Ethical,1455
pre,Versova - Yari Road,0,GA,3924
pre,Versova - Yari Road,0,NGA,829
pre,Versova - Yari Road,0,Other,2474
pre,Versova Andheri,0,Ethical,5546
pre,Versova Andheri,0,GA,7347
pre,Versova Andheri,0,NGA,2633
pre,Versova Andheri,0,Other,3410
pre,Vijay Nagari - Thane,0,Ethical,4862
pre,Vijay Nagari - Thane,0,GA,7136
pre,Vijay Nagari - Thane,0,NGA,1989
pre,Vijay Nagari - Thane,0,Other,2492
pre,Vikhroli,0,Ethical,7437
pre,Vikhroli,0,GA,12003
pre,Vikhroli,0,NGA,2437
pre,Vikhroli,0,Other,4314
pre,Vikhroli Kannamwar,0,Ethical,3552
pre,Vikhroli Kannamwar,0,GA,5070
pre,Vikhroli Kannamwar,0,NGA,1158
pre,Vikhroli Kannamwar,0,Other,2247
pre,Vile Parle,0,Ethical,1742
pre,Vile Parle,0,GA,3767
pre,Vile Parle,0,NGA,706
pre,Vile Parle,0,Other,1896
pre,Virar East,0,Ethical,3287
pre,Virar East,0,GA,4655
pre,Virar East,0,NGA,1033
pre,Virar East,0,Other,2269
pre,Virar West,0,Ethical,3289
pre,Virar West,0,GA,3590
pre,Virar West,0,NGA,835
pre,Virar West,0,Other,2012
pre,Wadgaon Budruk Pune,0,Ethical,2125
pre,Wadgaon Budruk Pune,0,GA,2473
pre,Wadgaon Budruk Pune,0,NGA,473
pre,Wadgaon Budruk Pune,0,Other,759
pre,Wadgaon Sheri,0,Ethical,2355
pre,Wadgaon Sheri,0,GA,3181
pre,Wadgaon Sheri,0,NGA,748
pre,Wadgaon Sheri,0,Other,1418
pre,Wadgaon Sheri-Old Mundhwa Rd,0,Ethical,2066
pre,Wadgaon Sheri-Old Mundhwa Rd,0,GA,1883
pre,Wadgaon Sheri-Old Mundhwa Rd,0,NGA,517
pre,Wadgaon Sheri-Old Mundhwa Rd,0,Other,1477
pre,Wanawadi Pune,0,Ethical,1399
pre,Wanawadi Pune,0,GA,2977
pre,Wanawadi Pune,0,NGA,580
pre,Wanawadi Pune,0,Other,790
pre,Warje Pune,0,Ethical,1111
pre,Warje Pune,0,GA,1860
pre,Warje Pune,0,NGA,325
pre,Warje Pune,0,Other,952
pre,Wayale Nagar,0,Ethical,2134
pre,Wayale Nagar,0,GA,4006
pre,Wayale Nagar,0,NGA,826
pre,Wayale Nagar,0,Other,1641
pre,Yashodhan,0,Ethical,7085
pre,Yashodhan,0,GA,11346
pre,Yashodhan,0,NGA,2722
pre,Yashodhan,0,Other,3322
pre,Yogi Nagar,0,Ethical,1900
pre,Yogi Nagar,0,GA,4353
pre,Yogi Nagar,0,NGA,1280
pre,Yogi Nagar,0,Other,1829
pre,Yogidham Kalyan,0,Ethical,1541
pre,Yogidham Kalyan,0,GA,2068
pre,Yogidham Kalyan,0,NGA,478
pre,Yogidham Kalyan,0,Other,1445
post,7 Rasta Byculla,0,Ethical,2255
post,7 Rasta Byculla,0,GA,4493
post,7 Rasta Byculla,0,NGA,960
post,7 Rasta Byculla,0,Other,2095
post,ABM Pharmacy & Healthcare,0,Ethical,2887
post,ABM Pharmacy & Healthcare,0,GA,1726
post,ABM Pharmacy & Healthcare,0,NGA,789
post,ABM Pharmacy & Healthcare,0,Other,897
post,Airoli,0,Ethical,5372
post,Airoli,0,GA,9820
post,Airoli,0,NGA,2665
post,Airoli,0,Other,3007
post,Airoli Sector - 3,0,Ethical,3714
post,Airoli Sector - 3,0,GA,5836
post,Airoli Sector - 3,0,NGA,1557
post,Airoli Sector - 3,0,Other,2452
post,Ambegaon Pune,0,Ethical,1522
post,Ambegaon Pune,0,GA,2018
post,Ambegaon Pune,0,NGA,349
post,Ambegaon Pune,0,Other,1115
post,Ambernath East,0,Ethical,3107
post,Ambernath East,0,GA,3537
post,Ambernath East,0,NGA,713
post,Ambernath East,0,Other,859
post,Ambernath West,0,Ethical,3216
post,Ambernath West,0,GA,3994
post,Ambernath West,0,NGA,650
post,Ambernath West,0,Other,1056
post,Ashokvan Dahisar,0,Ethical,3036
post,Ashokvan Dahisar,0,GA,5691
post,Ashokvan Dahisar,0,NGA,1307
post,Ashokvan Dahisar,0,Other,2022
post,Aura Medical Titwala East,0,Ethical,2773
post,Aura Medical Titwala East,0,GA,142
post,Aura Medical Titwala East,0,NGA,1283
post,Aura Medical Titwala East,0,Other,431
post,Badlapur - Belavali,0,Ethical,1140
post,Badlapur - Belavali,0,GA,2979
post,Badlapur - Belavali,0,NGA,728
post,Badlapur - Belavali,0,Other,2192
post,Badlapur East,0,Ethical,1714
post,Badlapur East,0,GA,2591
post,Badlapur East,0,NGA,527
post,Badlapur East,0,Other,782
post,Bandra,1,Ethical,3388
post,Bandra,1,GA,8621
post,Bandra,1,NGA,1843
post,Bandra,1,Other,2946
post,Bhandup West,0,Ethical,4580
post,Bhandup West,0,GA,7989
post,Bhandup West,0,NGA,1565
post,Bhandup West,0,Other,2107
post,Bhayandar,0,Ethical,3687
post,Bhayandar,0,GA,6280
post,Bhayandar,0,NGA,1664
post,Bhayandar,0,Other,2575
post,Bhayander 60 Feet Road,0,Ethical,2720
post,Bhayander 60 Feet Road,0,GA,3009
post,Bhayander 60 Feet Road,0,NGA,912
post,Bhayander 60 Feet Road,0,Other,1952
post,Bhekrainagar Pune,0,Ethical,1255
post,Bhekrainagar Pune,0,GA,2338
post,Bhekrainagar Pune,0,NGA,367
post,Bhekrainagar Pune,0,Other,1155
post,Bhiwandi - Shivaji Chowk,0,Ethical,944
post,Bhiwandi - Shivaji Chowk,0,GA,1310
post,Bhiwandi - Shivaji Chowk,0,NGA,349
post,Bhiwandi - Shivaji Chowk,0,Other,1646
post,Bhiwandi Dhamankar Naka,1,Ethical,3201
post,Bhiwandi Dhamankar Naka,1,GA,5662
post,Bhiwandi Dhamankar Naka,1,NGA,1289
post,Bhiwandi Dhamankar Naka,1,Other,1866
post,Bibwewadi Pune,0,Ethical,1892
post,Bibwewadi Pune,0,GA,6893
post,Bibwewadi Pune,0,NGA,578
post,Bibwewadi Pune,0,Other,1005
post,Bytco Point Nashik,0,Ethical,2275
post,Bytco Point Nashik,0,GA,1951
post,Bytco Point Nashik,0,NGA,497
post,Bytco Point Nashik,0,Other,1494
post,CST Bora Bazaar,0,Ethical,1595
post,CST Bora Bazaar,0,GA,4029
post,CST Bora Bazaar,0,NGA,974
post,CST Bora Bazaar,0,Other,1722
post,Care Point Chemist,0,Ethical,3904
post,Care Point Chemist,0,GA,1780
post,Care Point Chemist,0,NGA,370
post,Care Point Chemist,0,Other,292
post,Chandivali,0,Ethical,1393
post,Chandivali,0,GA,2881
post,Chandivali,0,NGA,739
post,Chandivali,0,Other,1579
post,Charkop,0,Ethical,3827
post,Charkop,0,GA,7606
post,Charkop,0,NGA,1836
post,Charkop,0,Other,1789
post,Chembur,0,Ethical,4656
post,Chembur,0,GA,12167
post,Chembur,0,NGA,2748
post,Chembur,0,Other,2994
post,Chinchwad,1,Ethical,1748
post,Chinchwad,1,GA,2252
post,Chinchwad,1,NGA,596
post,Chinchwad,1,Other,2084
post,Chinchwad - Gandhi Peth,1,Ethical,863
post,Chinchwad - Gandhi Peth,1,GA,812
post,Chinchwad - Gandhi Peth,1,NGA,220
post,Chinchwad - Gandhi Peth,1,Other,863
post,Cidco Nashik,0,Ethical,1436
post,Cidco Nashik,0,GA,1991
post,Cidco Nashik,0,NGA,409
post,Cidco Nashik,0,Other,1755
post,Colaba,1,Ethical,1554
post,Colaba,1,GA,3519
post,Colaba,1,NGA,664
post,Colaba,1,Other,1826
post,Dadar East,0,Ethical,2099
post,Dadar East,0,GA,3513
post,Dadar East,0,NGA,871
post,Dadar East,0,Other,1870
post,Dahisar,0,Ethical,3037
post,Dahisar,0,GA,5686
post,Dahisar,0,NGA,1291
post,Dahisar,0,Other,1715
post,Dattnagar,0,Ethical,1390
post,Dattnagar,0,GA,4266
post,Dattnagar,0,NGA,461
post,Dattnagar,0,Other,957
post,Dhanakwadi,0,Ethical,2877
post,Dhanakwadi,0,GA,4046
post,Dhanakwadi,0,NGA,907
post,Dhanakwadi,0,Other,2010
post,Dhanori Pune,0,Ethical,1915
post,Dhanori Pune,0,GA,3220
post,Dhanori Pune,0,NGA,664
post,Dhanori Pune,0,Other,1157
post,Dhayari Pune,0,Ethical,2067
post,Dhayari Pune,0,GA,2762
post,Dhayari Pune,0,NGA,584
post,Dhayari Pune,0,Other,1028
post,Dighi Pune,1,Ethical,1019
post,Dighi Pune,1,GA,1692
post,Dighi Pune,1,NGA,290
post,Dighi Pune,1,Other,656
post,Dombivali,0,Ethical,3116
post,Dombivali,0,GA,5723
post,Dombivali,0,NGA,1368
post,Dombivali,0,Other,1491
post,Dombivali - Navpada,0,Ethical,2036
post,Dombivali - Navpada,0,GA,2604
post,Dombivali - Navpada,0,NGA,708
post,Dombivali - Navpada,0,Other,1950
post,Dombivali - Reti Bunder,0,Ethical,1514
post,Dombivali - Reti Bunder,0,GA,1922
post,Dombivali - Reti Bunder,0,NGA,379
post,Dombivali - Reti Bunder,0,Other,1388
post,Dombivli West,0,Ethical,4295
post,Dombivli West,0,GA,9156
post,Dombivli West,0,NGA,2028
post,Dombivli West,0,Other,2141
post,Doshi Medical,0,Ethical,1088
post,Doshi Medical,0,GA,481
post,Doshi Medical,0,NGA,92
post,Doshi Medical,0,Other,34
post,Evershine Nagar,0,Ethical,1696
post,Evershine Nagar,0,GA,3664
post,Evershine Nagar,0,NGA,932
post,Evershine Nagar,0,Other,1053
post,Fam Society - Koperkhairne,0,Ethical,4043
post,Fam Society - Koperkhairne,0,GA,5846
post,Fam Society - Koperkhairne,0,NGA,1677
post,Fam Society - Koperkhairne,0,Other,3765
post,Fursungi Pune,0,Ethical,1759
post,Fursungi Pune,0,GA,2139
post,Fursungi Pune,0,NGA,651
post,Fursungi Pune,0,Other,1964
post,Ghansoli,0,Ethical,5110
post,Ghansoli,0,GA,8743
post,Ghansoli,0,NGA,2371
post,Ghansoli,0,Other,3196
post,Ghatkopar East,0,Ethical,3604
post,Ghatkopar East,0,GA,5627
post,Ghatkopar East,0,NGA,1369
post,Ghatkopar East,0,Other,3022
post,Ghatkopar West,0,Ethical,3162
post,Ghatkopar West,0,GA,5449
post,Ghatkopar West,0,NGA,1528
post,Ghatkopar West,0,Other,1963
post,Ghodapdeo - Byculla,0,Ethical,1117
post,Ghodapdeo - Byculla,0,GA,3912
post,Ghodapdeo - Byculla,0,NGA,968
post,Ghodapdeo - Byculla,0,Other,1220
post,Global City Virar West,0,Ethical,2263
post,Global City Virar West,0,GA,2513
post,Global City Virar West,0,NGA,661
post,Global City Virar West,0,Other,1906
post,Goregaon,1,Ethical,3589
post,Goregaon,1,GA,7716
post,Goregaon,1,NGA,2332
post,Goregaon,1,Other,1965
post,Goregaon West S.V. Road,1,Ethical,4036
post,Goregaon West S.V. Road,1,GA,4814
post,Goregaon West S.V. Road,1,NGA,1246
post,Goregaon West S.V. Road,1,Other,2755
post,Govandi,0,Ethical,3992
post,Govandi,0,GA,8879
post,Govandi,0,NGA,2177
post,Govandi,0,Other,2601
post,Gujrat Colony Kothrud,0,Ethical,1619
post,Gujrat Colony Kothrud,0,GA,1662
post,Gujrat Colony Kothrud,0,NGA,411
post,Gujrat Colony Kothrud,0,Other,746
post,Gulab Nagar Pune,0,Ethical,1633
post,Gulab Nagar Pune,0,GA,2809
post,Gulab Nagar Pune,0,NGA,517
post,Gulab Nagar Pune,0,Other,1332
post,Hari Om Nagar,0,Ethical,3323
post,Hari Om Nagar,0,GA,4674
post,Hari Om Nagar,0,NGA,1296
post,Hari Om Nagar,0,Other,3037
post,Health Care Chemist & Druggist,0,Ethical,5728
post,Health Care Chemist & Druggist,0,GA,1086
post,Health Care Chemist & Druggist,0,NGA,1296
post,Health Care Chemist & Druggist,0,Other,1022
post,Health Care Forever,0,Ethical,280
post,Health Care Forever,0,GA,544
post,Health Care Forever,0,NGA,201
post,Health Care Forever,0,Other,43
post,Hiltron Ulhasnagar,0,Ethical,1717
post,Hiltron Ulhasnagar,0,GA,2612
post,Hiltron Ulhasnagar,0,NGA,558
post,Hiltron Ulhasnagar,0,Other,1503
post,Hiranandani Thane,0,Ethical,5842
post,Hiranandani Thane,0,GA,8927
post,Hiranandani Thane,0,NGA,1801
post,Hiranandani Thane,0,Other,3230
post,IC Colony Borivali,0,Ethical,4789
post,IC Colony Borivali,0,GA,8123
post,IC Colony Borivali,0,NGA,2282
post,IC Colony Borivali,0,Other,2872
post,JB Nagar,0,Ethical,6838
post,JB Nagar,0,GA,10231
post,JB Nagar,0,NGA,2828
post,JB Nagar,0,Other,4089
post,JJ Hospital,0,Ethical,2366
post,JJ Hospital,0,GA,10261
post,JJ Hospital,0,NGA,2559
post,JJ Hospital,0,Other,1819
post,Jagruti Nagar Ghatkopar,0,Ethical,1458
post,Jagruti Nagar Ghatkopar,0,GA,2572
post,Jagruti Nagar Ghatkopar,0,NGA,674
post,Jagruti Nagar Ghatkopar,0,Other,1155
post,Jail Road Nashik,0,Ethical,1595
post,Jail Road Nashik,0,GA,1629
post,Jail Road Nashik,0,NGA,399
post,Jail Road Nashik,0,Other,1157
post,Jay VIjay Nagar Nalasopara East,0,Ethical,1533
post,Jay VIjay Nagar Nalasopara East,0,GA,2008
post,Jay VIjay Nagar Nalasopara East,0,NGA,461
post,Jay VIjay Nagar Nalasopara East,0,Other,1067
post,Kalamboli,0,Ethical,2691
post,Kalamboli,0,GA,3914
post,Kalamboli,0,NGA,1073
post,Kalamboli,0,Other,1610
post,Kalher Bhiwandi,0,Ethical,3211
post,Kalher Bhiwandi,0,GA,4959
post,Kalher Bhiwandi,0,NGA,1250
post,Kalher Bhiwandi,0,Other,3604
post,Kalina,0,Ethical,2773
post,Kalina,0,GA,4769
post,Kalina,0,NGA,1113
post,Kalina,0,Other,1401
post,Kalwa,0,Ethical,6306
post,Kalwa,0,GA,12089
post,Kalwa,0,NGA,2915
post,Kalwa,0,Other,3257
post,Kalyan,0,Ethical,2546
post,Kalyan,0,GA,4187
post,Kalyan,0,NGA,1165
post,Kalyan,0,Other,1675
post,Kalyan - DB Chowk,0,Ethical,1536
post,Kalyan - DB Chowk,0,GA,2543
post,Kalyan - DB Chowk,0,NGA,605
post,Kalyan - DB Chowk,0,Other,1870
post,Kalyan East-Tisgaon Naka,0,Ethical,3159
post,Kalyan East-Tisgaon Naka,0,GA,4394
post,Kalyan East-Tisgaon Naka,0,NGA,883
post,Kalyan East-Tisgaon Naka,0,Other,1283
post,Kalyan West Club Road,0,Ethical,1558
post,Kalyan West Club Road,0,GA,3930
post,Kalyan West Club Road,0,NGA,752
post,Kalyan West Club Road,0,Other,1751
post,Kamotha,0,Ethical,6024
post,Kamotha,0,GA,8055
post,Kamotha,0,NGA,2226
post,Kamotha,0,Other,3491
post,Kamothe - Sector 36,0,Ethical,2032
post,Kamothe - Sector 36,0,GA,2926
post,Kamothe - Sector 36,0,NGA,838
post,Kamothe - Sector 36,0,Other,1567
post,Kandivali East,0,Ethical,2901
post,Kandivali East,0,GA,5879
post,Kandivali East,0,NGA,1486
post,Kandivali East,0,Other,1722
post,Kandivali West,0,Ethical,750
post,Kandivali West,0,GA,2643
post,Kandivali West,0,NGA,816
post,Kandivali West,0,Other,611
post,Kasarvadavali Thane,0,Ethical,2360
post,Kasarvadavali Thane,0,GA,4871
post,Kasarvadavali Thane,0,NGA,1031
post,Kasarvadavali Thane,0,Other,1732
post,Katrap Badlapur East,0,Ethical,1304
post,Katrap Badlapur East,0,GA,2285
post,Katrap Badlapur East,0,NGA,308
post,Katrap Badlapur East,0,Other,1056
post,Khadki Pune,0,Ethical,2299
post,Khadki Pune,0,GA,2863
post,Khadki Pune,0,NGA,698
post,Khadki Pune,0,Other,1908
post,Khanda Colony,1,Ethical,2830
post,Khanda Colony,1,GA,3783
post,Khanda Colony,1,NGA,1098
post,Khanda Colony,1,Other,1535
post,Khar West,1,Ethical,2608
post,Khar West,1,GA,4701
post,Khar West,1,NGA,1202
post,Khar West,1,Other,1754
post,Kharghar,0,Ethical,3669
post,Kharghar,0,GA,9665
post,Kharghar,0,NGA,2345
post,Kharghar,0,Other,3274
post,Kharghar Sector 12,0,Ethical,2430
post,Kharghar Sector 12,0,GA,4562
post,Kharghar Sector 12,0,NGA,1255
post,Kharghar Sector 12,0,Other,1648
post,Khopat,0,Ethical,4373
post,Khopat,0,GA,8218
post,Khopat,0,NGA,1888
post,Khopat,0,Other,2215
post,Khutwad Nagar Nashik,0,Ethical,695
post,Khutwad Nagar Nashik,0,GA,726
post,Khutwad Nagar Nashik,0,NGA,145
post,Khutwad Nagar Nashik,0,Other,892
post,Kolsheth,0,Ethical,5638
post,Kolsheth,0,GA,14195
post,Kolsheth,0,NGA,2973
post,Kolsheth,0,Other,2566
post,Kopar Khairane,0,Ethical,4601
post,Kopar Khairane,0,GA,8819
post,Kopar Khairane,0,NGA,2315
post,Kopar Khairane,0,Other,3328
post,Kopari Thane,0,Ethical,3231
post,Kopari Thane,0,GA,2498
post,Kopari Thane,0,NGA,774
post,Kopari Thane,0,Other,1874
post,Koper Khairane - Sector 7,0,Ethical,1953
post,Koper Khairane - Sector 7,0,GA,3918
post,Koper Khairane - Sector 7,0,NGA,1192
post,Koper Khairane - Sector 7,0,Other,2124
post,Kuber Chemist,0,GA,1
post,Kuber Chemist,0,NGA,1
post,Kulgaon Badlapur West,0,Ethical,2304
post,Kulgaon Badlapur West,0,GA,4946
post,Kulgaon Badlapur West,0,NGA,904
post,Kulgaon Badlapur West,0,Other,2454
post,Kurla,0,Ethical,1639
post,Kurla,0,GA,5390
post,Kurla,0,NGA,989
post,Kurla,0,Other,1645
post,Kurla West,0,Ethical,3098
post,Kurla West,0,GA,6759
post,Kurla West,0,NGA,1540
post,Kurla West,0,Other,2550
post,Lower Parel - SJ Marg,0,Ethical,1291
post,Lower Parel - SJ Marg,0,GA,2587
post,Lower Parel - SJ Marg,0,NGA,560
post,Lower Parel - SJ Marg,0,Other,2347
post,Mahakali,0,Ethical,5752
post,Mahakali,0,GA,7691
post,Mahakali,0,NGA,2423
post,Mahakali,0,Other,3559
post,Mahavir Pride Dombivali,0,Ethical,2900
post,Mahavir Pride Dombivali,0,GA,5353
post,Mahavir Pride Dombivali,0,NGA,1259
post,Mahavir Pride Dombivali,0,Other,2188
post,Mahim West,0,Ethical,2789
post,Mahim West,0,GA,4694
post,Mahim West,0,NGA,1154
post,Mahim West,0,Other,2195
post,Malad,0,Ethical,3381
post,Malad,0,GA,7491
post,Malad,0,NGA,2454
post,Malad,0,Other,1779
post,Malad Liberty Garden,0,Ethical,2197
post,Malad Liberty Garden,0,GA,4986
post,Malad Liberty Garden,0,NGA,928
post,Malad Liberty Garden,0,Other,2092
post,Malwani,0,Ethical,2593
post,Malwani,0,GA,4570
post,Malwani,0,NGA,1225
post,Malwani,0,Other,1304
post,Marol,0,Ethical,4030
post,Marol,0,GA,8664
post,Marol,0,NGA,2257
post,Marol,0,Other,2536
post,Mharal Ulhasnagar,0,Ethical,2677
post,Mharal Ulhasnagar,0,GA,3451
post,Mharal Ulhasnagar,0,NGA,1329
post,Mharal Ulhasnagar,0,Other,2536
post,Mhasrul Nashik,0,Ethical,2031
post,Mhasrul Nashik,0,GA,2311
post,Mhasrul Nashik,0,NGA,588
post,Mhasrul Nashik,0,Other,2021
post,Mira Road,0,Ethical,2617
post,Mira Road,0,GA,3937
post,Mira Road,0,NGA,821
post,Mira Road,0,Other,1433
post,Mira Road - GCC Club Road,0,Ethical,1167
post,Mira Road - GCC Club Road,0,GA,1370
post,Mira Road - GCC Club Road,0,NGA,197
post,Mira Road - GCC Club Road,0,Other,1008
post,Mira Road Jangid Complex,0,Ethical,2551
post,Mira Road Jangid Complex,0,GA,4762
post,Mira Road Jangid Complex,0,NGA,979
post,Mira Road Jangid Complex,0,Other,1890
post,Mohan Nagar Kandivali,0,Ethical,1240
post,Mohan Nagar Kandivali,0,GA,3781
post,Mohan Nagar Kandivali,0,NGA,781
post,Mohan Nagar Kandivali,0,Other,1479
post,Morye Pharma,0,Ethical,1475
post,Morye Pharma,0,GA,417
post,Morye Pharma,0,NGA,1012
post,Morye Pharma,0,Other,687
post,Mulund East,0,Ethical,6193
post,Mulund East,0,GA,14224
post,Mulund East,0,NGA,3118
post,Mulund East,0,Other,3469
post,Mulund Panch Rasta,0,Ethical,2067
post,Mulund Panch Rasta,0,GA,4007
post,Mulund Panch Rasta,0,NGA,1076
post,Mulund Panch Rasta,0,Other,1087
post,Mulund West,0,Ethical,2844
post,Mulund West,0,GA,10481
post,Mulund West,0,NGA,2034
post,Mulund West,0,Other,2191
post,Mulund West-Sarvodaya Nagar,0,Ethical,4080
post,Mulund West-Sarvodaya Nagar,0,GA,7196
post,Mulund West-Sarvodaya Nagar,0,NGA,1667
post,Mulund West-Sarvodaya Nagar,0,Other,1761
post,Mundhwa Pune,0,Ethical,1447
post,Mundhwa Pune,0,GA,2139
post,Mundhwa Pune,0,NGA,468
post,Mundhwa Pune,0,Other,1125
post,NIBM Kondwa,0,Ethical,3023
post,NIBM Kondwa,0,GA,6187
post,NIBM Kondwa,0,NGA,1425
post,NIBM Kondwa,0,Other,2225
post,Nahur West,0,Ethical,3425
post,Nahur West,0,GA,5631
post,Nahur West,0,NGA,1288
post,Nahur West,0,Other,1909
post,Nalasopara - Yashwant Nagar,0,Ethical,1328
post,Nalasopara - Yashwant Nagar,0,GA,2024
post,Nalasopara - Yashwant Nagar,0,NGA,498
post,Nalasopara - Yashwant Nagar,0,Other,1281
post,Nalasopara West,0,Ethical,2194
post,Nalasopara West,0,GA,2944
post,Nalasopara West,0,NGA,649
post,Nalasopara West,0,Other,908
post,Narhe Pune,0,Ethical,1551
post,Narhe Pune,0,GA,2174
post,Narhe Pune,0,NGA,461
post,Narhe Pune,0,Other,1004
post,Naupada,0,Ethical,4364
post,Naupada,0,GA,7295
post,Naupada,0,NGA,2002
post,Naupada,0,Other,2217
post,Navare Nagar Ambernath,0,Ethical,2014
post,Navare Nagar Ambernath,0,GA,3097
post,Navare Nagar Ambernath,0,NGA,565
post,Navare Nagar Ambernath,0,Other,1285
post,Navi Peth Pune,0,Ethical,2017
post,Navi Peth Pune,0,GA,3858
post,Navi Peth Pune,0,NGA,678
post,Navi Peth Pune,0,Other,1996
post,Navjeevan Mumbai Central,0,Ethical,2608
post,Navjeevan Mumbai Central,0,GA,6190
post,Navjeevan Mumbai Central,0,NGA,1721
post,Navjeevan Mumbai Central,0,Other,2739
post,Nerul East,0,Ethical,2828
post,Nerul East,0,GA,6013
post,Nerul East,0,NGA,1457
post,Nerul East,0,Other,2381
post,Nerul West,0,Ethical,2554
post,Nerul West,0,GA,5325
post,Nerul West,0,NGA,1295
post,Nerul West,0,Other,1814
post,New Panvel,0,Ethical,3804
post,New Panvel,0,GA,5536
post,New Panvel,0,NGA,1572
post,New Panvel,0,Other,2004
post,Old Panvel,0,Ethical,3574
post,Old Panvel,0,GA,5263
post,Old Panvel,0,NGA,1187
post,Old Panvel,0,Other,1707
post,Palegaon Ambernath,0,Ethical,1053
post,Palegaon Ambernath,0,GA,1801
post,Palegaon Ambernath,0,NGA,396
post,Palegaon Ambernath,0,Other,2213
post,Panchpakhadi,0,Ethical,3235
post,Panchpakhadi,0,GA,4698
post,Panchpakhadi,0,NGA,1114
post,Panchpakhadi,0,Other,2135
post,Pantnagar,0,Ethical,1762
post,Pantnagar,0,GA,3915
post,Pantnagar,0,NGA,1052
post,Pantnagar,0,Other,1413
post,Panvel - Uran Naka,0,Ethical,1724
post,Panvel - Uran Naka,0,GA,3408
post,Panvel - Uran Naka,0,NGA,724
post,Panvel - Uran Naka,0,Other,1932
post,Phadke Road - Dombivali,0,Ethical,2363
post,Phadke Road - Dombivali,0,GA,4568
post,Phadke Road - Dombivali,0,NGA,955
post,Phadke Road - Dombivali,0,Other,1461
post,Pimple Gurav,0,Ethical,1322
post,Pimple Gurav,0,GA,3069
post,Pimple Gurav,0,NGA,517
post,Pimple Gurav,0,Other,1013
post,Prabhadevi,0,Ethical,2510
post,Prabhadevi,0,GA,8681
post,Prabhadevi,0,NGA,1121
post,Prabhadevi,0,Other,3043
post,Pragati Nagar Nalasopara East,0,Ethical,1580
post,Pragati Nagar Nalasopara East,0,GA,2100
post,Pragati Nagar Nalasopara East,0,NGA,429
post,Pragati Nagar Nalasopara East,0,Other,1843
post,Quality Care,0,Ethical,1192
post,Quality Care,0,GA,2504
post,Quality Care,0,NGA,774
post,Quality Care,0,Other,435
post,Rajawadi,0,Ethical,1971
post,Rajawadi,0,GA,6106
post,Rajawadi,0,NGA,1554
post,Rajawadi,0,Other,1791
post,Roadpali Kalamboli,0,Ethical,1353
post,Roadpali Kalamboli,0,GA,2836
post,Roadpali Kalamboli,0,NGA,681
post,Roadpali Kalamboli,0,Other,1472
post,Rupee Nagar Pune,0,Ethical,668
post,Rupee Nagar Pune,0,GA,1290
post,Rupee Nagar Pune,0,NGA,264
post,Rupee Nagar Pune,0,Other,1457
post,Saibaba Nagar,0,Ethical,1958
post,Saibaba Nagar,0,GA,5005
post,Saibaba Nagar,0,NGA,1252
post,Saibaba Nagar,0,Other,1073
post,Sakinaka - Pipeline Road,0,Ethical,1466
post,Sakinaka - Pipeline Road,0,GA,2117
post,Sakinaka - Pipeline Road,0,NGA,576
post,Sakinaka - Pipeline Road,0,Other,1686
post,Sanpada,1,Ethical,4715
post,Sanpada,1,GA,8383
post,Sanpada,1,NGA,1871
post,Sanpada,1,Other,2877
post,Santa Cruz SV Road,0,Ethical,2746
post,Santa Cruz SV Road,0,GA,4314
post,Santa Cruz SV Road,0,NGA,1034
post,Santa Cruz SV Road,0,Other,1970
post,"Santoshi Mata Road, Kalyan West",0,Ethical,2956
post,"Santoshi Mata Road, Kalyan West",0,GA,3826
post,"Santoshi Mata Road, Kalyan West",0,NGA,833
post,"Santoshi Mata Road, Kalyan West",0,Other,1677
post,Sasane Nagar Pune,1,Ethical,1480
post,Sasane Nagar Pune,1,GA,2182
post,Sasane Nagar Pune,1,NGA,492
post,Sasane Nagar Pune,1,Other,882
post,Seawoods,0,Ethical,3758
post,Seawoods,0,GA,7655
post,Seawoods,0,NGA,1665
post,Seawoods,0,Other,2228
post,Sector 3 - New Panvel,0,Ethical,2939
post,Sector 3 - New Panvel,0,GA,3498
post,Sector 3 - New Panvel,0,NGA,721
post,Sector 3 - New Panvel,0,Other,1927
post,Shambhuraj Enterprises LLP,0,Ethical,1695
post,Shambhuraj Enterprises LLP,0,GA,1771
post,Shambhuraj Enterprises LLP,0,NGA,505
post,Shambhuraj Enterprises LLP,0,Other,551
post,Shanti Nagar Mira Road,0,Ethical,910
post,Shanti Nagar Mira Road,0,GA,2460
post,Shanti Nagar Mira Road,0,NGA,488
post,Shanti Nagar Mira Road,0,Other,1823
post,Shirgaon Badlapur,0,Ethical,2160
post,Shirgaon Badlapur,0,GA,3016
post,Shirgaon Badlapur,0,NGA,519
post,Shirgaon Badlapur,0,Other,2358
post,Shivaji Nagar Pune,0,Ethical,2964
post,Shivaji Nagar Pune,0,GA,4662
post,Shivaji Nagar Pune,0,NGA,893
post,Shivaji Nagar Pune,0,Other,1864
post,Shreenagar,0,Ethical,6121
post,Shreenagar,0,GA,10151
post,Shreenagar,0,NGA,2070
post,Shreenagar,0,Other,3207
post,Shriprastha Nalasopara West,0,Ethical,1354
post,Shriprastha Nalasopara West,0,GA,1853
post,Shriprastha Nalasopara West,0,NGA,515
post,Shriprastha Nalasopara West,0,Other,1332
post,Sion Koliwada,0,Ethical,2913
post,Sion Koliwada,0,GA,5465
post,Sion Koliwada,0,NGA,1234
post,Sion Koliwada,0,Other,2436
post,Thakur Complex,0,Ethical,3574
post,Thakur Complex,0,GA,6896
post,Thakur Complex,0,NGA,1596
post,Thakur Complex,0,Other,1779
post,Thergaon,0,Ethical,1191
post,Thergaon,0,GA,3020
post,Thergaon,0,NGA,527
post,Thergaon,0,Other,1440
post,Tilak Road Pune,0,Ethical,2711
post,Tilak Road Pune,0,GA,4071
post,Tilak Road Pune,0,NGA,751
post,Tilak Road Pune,0,Other,1623
post,Tilaknagar,0,Ethical,2756
post,Tilaknagar,0,GA,6262
post,Tilaknagar,0,NGA,1573
post,Tilaknagar,0,Other,2308
post,Titwala,0,Ethical,4525
post,Titwala,0,GA,4774
post,Titwala,0,NGA,1441
post,Titwala,0,Other,4005
post,Trimurti Chowk Nashik,0,Ethical,871
post,Trimurti Chowk Nashik,0,GA,1138
post,Trimurti Chowk Nashik,0,NGA,269
post,Trimurti Chowk Nashik,0,Other,832
post,Ulhas Nagar - Shahad,0,Ethical,1398
post,Ulhas Nagar - Shahad,0,GA,2491
post,Ulhas Nagar - Shahad,0,NGA,817
post,Ulhas Nagar - Shahad,0,Other,2117
post,Ulhas Nagar - Shreeram Chowk,0,Ethical,752
post,Ulhas Nagar - Shreeram Chowk,0,GA,2051
post,Ulhas Nagar - Shreeram Chowk,0,NGA,313
post,Ulhas Nagar - Shreeram Chowk,0,Other,1627
post,Ulhasnagar,0,Ethical,2892
post,Ulhasnagar,0,GA,6276
post,Ulhasnagar,0,NGA,1679
post,Ulhasnagar,0,Other,2147
post,Ulhasnagar - Humlog Circle,0,Ethical,2233
post,Ulhasnagar - Humlog Circle,0,GA,2843
post,Ulhasnagar - Humlog Circle,0,NGA,897
post,Ulhasnagar - Humlog Circle,0,Other,2565
post,Ulhasnagar - Khemani Chowk,0,Ethical,1121
post,Ulhasnagar - Khemani Chowk,0,GA,2449
post,Ulhasnagar - Khemani Chowk,0,NGA,776
post,Ulhasnagar - Khemani Chowk,0,Other,1592
post,Ulhasnagar Sector 4,0,Ethical,3173
post,Ulhasnagar Sector 4,0,GA,3868
post,Ulhasnagar Sector 4,0,NGA,946
post,Ulhasnagar Sector 4,0,Other,1388
post,Ulwe-Navi Mumbai,0,Ethical,2543
post,Ulwe-Navi Mumbai,0,GA,6052
post,Ulwe-Navi Mumbai,0,NGA,1486
post,Ulwe-Navi Mumbai,0,Other,1767
post,Vakola,0,Ethical,3032
post,Vakola,0,GA,4532
post,Vakola,0,NGA,1168
post,Vakola,0,Other,1507
post,Vasai West - Station Road,0,Ethical,2878
post,Vasai West - Station Road,0,GA,3801
post,Vasai West - Station Road,0,NGA,903
post,Vasai West - Station Road,0,Other,2473
post,Vashi,0,Ethical,5530
post,Vashi,0,GA,10381
post,Vashi,0,NGA,2616
post,Vashi,0,Other,4337
post,Vashi Sector 11,0,Ethical,2911
post,Vashi Sector 11,0,GA,5362
post,Vashi Sector 11,0,NGA,1294
post,Vashi Sector 11,0,Other,1676
post,Veenanagar,0,Ethical,2336
post,Veenanagar,0,GA,5915
post,Veenanagar,0,NGA,1049
post,Veenanagar,0,Other,1836
post,Versova - Yari Road,0,Ethical,1397
post,Versova - Yari Road,0,GA,4147
post,Versova - Yari Road,0,NGA,777
post,Versova - Yari Road,0,Other,2271
post,Versova Andheri,0,Ethical,5795
post,Versova Andheri,0,GA,7716
post,Versova Andheri,0,NGA,2744
post,Versova Andheri,0,Other,3198
post,Vijay Nagari - Thane,0,Ethical,5280
post,Vijay Nagari - Thane,0,GA,7773
post,Vijay Nagari - Thane,0,NGA,2279
post,Vijay Nagari - Thane,0,Other,2425
post,Vikhroli,0,Ethical,7631
post,Vikhroli,0,GA,12272
post,Vikhroli,0,NGA,2413
post,Vikhroli,0,Other,4129
post,Vikhroli Kannamwar,0,Ethical,3679
post,Vikhroli Kannamwar,0,GA,4995
post,Vikhroli Kannamwar,0,NGA,1099
post,Vikhroli Kannamwar,0,Other,2738
post,Vile Parle,0,Ethical,1970
post,Vile Parle,0,GA,3491
post,Vile Parle,0,NGA,881
post,Vile Parle,0,Other,1579
post,Virar East,0,Ethical,3287
post,Virar East,0,GA,5417
post,Virar East,0,NGA,1001
post,Virar East,0,Other,1694
post,Virar West,0,Ethical,3405
post,Virar West,0,GA,3585
post,Virar West,0,NGA,968
post,Virar West,0,Other,1624
post,Wadgaon Budruk Pune,0,Ethical,2200
post,Wadgaon Budruk Pune,0,GA,2645
post,Wadgaon Budruk Pune,0,NGA,436
post,Wadgaon Budruk Pune,0,Other,751
post,Wadgaon Sheri,0,Ethical,2362
post,Wadgaon Sheri,0,GA,3404
post,Wadgaon Sheri,0,NGA,647
post,Wadgaon Sheri,0,Other,1663
post,Wadgaon Sheri-Old Mundhwa Rd,0,Ethical,1858
post,Wadgaon Sheri-Old Mundhwa Rd,0,GA,1938
post,Wadgaon Sheri-Old Mundhwa Rd,0,NGA,420
post,Wadgaon Sheri-Old Mundhwa Rd,0,Other,1391
post,Wanawadi Pune,0,Ethical,1082
post,Wanawadi Pune,0,GA,3249
post,Wanawadi Pune,0,NGA,521
post,Wanawadi Pune,0,Other,887
post,Warje Pune,0,Ethical,1590
post,Warje Pune,0,GA,2090
post,Warje Pune,0,NGA,408
post,Warje Pune,0,Other,1159
post,Wayale Nagar,0,Ethical,2481
post,Wayale Nagar,0,GA,3930
post,Wayale Nagar,0,NGA,837
post,Wayale Nagar,0,Other,1473
post,Yashodhan,0,Ethical,7028
post,Yashodhan,0,GA,11631
post,Yashodhan,0,NGA,2492
post,Yashodhan,0,Other,2860
post,Yogi Nagar,0,Ethical,2079
post,Yogi Nagar,0,GA,4320
post,Yogi Nagar,0,NGA,1280
post,Yogi Nagar,0,Other,1268
post,Yogidham Kalyan,0,Ethical,1556
post,Yogidham Kalyan,0,GA,2012
post,Yogidham Kalyan,0,NGA,546
post,Yogidham Kalyan,0,Other,1202
